{
  "track": "dataset",
  "namespace": "demo-dataset-7b254a",
  "curve_slider": 5.0,
  "operating_slider": 5.0,
  "n_tasks": 60,
  "models": [
    "gemini-2.5-pro",
    "gemini-2.5-flash",
    "claude-sonnet-4-6"
  ],
  "model_points": [
    {
      "label": "gemini-2.5-pro",
      "accuracy": 0.8083333333333333,
      "cost_usd": 0.050010812499999995,
      "model_id": "gemini-2.5-pro"
    },
    {
      "label": "gemini-2.5-flash",
      "accuracy": 0.6416666666666667,
      "cost_usd": 0.011002188333333333,
      "model_id": "gemini-2.5-flash"
    },
    {
      "label": "claude-sonnet-4-6",
      "accuracy": 0.5416666666666666,
      "cost_usd": 0.012501700000000001,
      "model_id": "claude-sonnet-4-6"
    }
  ],
  "baselines": {
    "premium": {
      "label": "all-premium (gemini-2.5-pro)",
      "accuracy": 0.8083333333333333,
      "cost_usd": 0.050010812499999995,
      "model_id": "gemini-2.5-pro"
    },
    "cheapest": {
      "label": "cheapest (gemini-2.5-flash)",
      "accuracy": 0.6416666666666667,
      "cost_usd": 0.011002188333333333,
      "model_id": "gemini-2.5-flash"
    },
    "oracle": {
      "label": "oracle (most-effective)",
      "accuracy": 0.8416666666666667,
      "cost_usd": 0.0173132325,
      "model_id": ""
    },
    "random": {
      "label": "random",
      "accuracy": 0.6638888888888889,
      "cost_usd": 0.02450490027777778,
      "model_id": ""
    }
  },
  "totals": {
    "premium": {
      "accuracy": 0.8083333333333333,
      "cost_total": 3.00064875,
      "cost_mean": 0.050010812499999995,
      "tokens_total": 312034
    },
    "cheapest": {
      "accuracy": 0.6416666666666667,
      "cost_total": 0.6601313000000001,
      "cost_mean": 0.011002188333333334,
      "tokens_total": 276105
    },
    "oracle": {
      "accuracy": 0.8416666666666667,
      "cost_total": 1.0387939500000003,
      "cost_mean": 0.017313232500000005,
      "tokens_total": 182579
    },
    "minima": {
      "accuracy": 0.8083333333333333,
      "cost_total": 3.00064875,
      "cost_mean": 0.050010812499999995,
      "tokens_total": 312034
    }
  },
  "minima": {
    "accuracy": 0.8083333333333333,
    "cost_total": 3.00064875,
    "latency_mean": null,
    "margin_mean": 0.03333333333333333,
    "tokens_total": 312034
  },
  "minima_sweep": [
    {
      "slider": 1.0,
      "accuracy": 0.675,
      "cost": 0.029351629166666667
    },
    {
      "slider": 3.0,
      "accuracy": 0.675,
      "cost": 0.029351629166666667
    },
    {
      "slider": 5.0,
      "accuracy": 0.8083333333333333,
      "cost": 0.050010812499999995
    },
    {
      "slider": 7.0,
      "accuracy": 0.8083333333333333,
      "cost": 0.050010812499999995
    },
    {
      "slider": 9.0,
      "accuracy": 0.8083333333333333,
      "cost": 0.050010812499999995
    }
  ],
  "headline": {
    "minima_accuracy": 0.8083333333333333,
    "cost_savings_pct_vs_premium": 0.0,
    "accuracy_retention_vs_premium": 1.0,
    "tokens_saved_vs_premium": 0,
    "tokens_saved_pct": 0.0,
    "avg_latency_ms": null,
    "avg_margin_to_oracle": 0.03333333333333333,
    "accuracy_lift_vs_cheapest": 0.16666666666666663
  },
  "curve_series": {
    "step": [
      1,
      2,
      3,
      4,
      5,
      6,
      7,
      8,
      9,
      10,
      11,
      12,
      13,
      14,
      15,
      16,
      17,
      18,
      19,
      20,
      21,
      22,
      23,
      24,
      25,
      26,
      27,
      28,
      29,
      30,
      31,
      32,
      33,
      34,
      35,
      36,
      37,
      38,
      39,
      40,
      41,
      42,
      43,
      44,
      45,
      46,
      47,
      48,
      49,
      50,
      51,
      52,
      53,
      54,
      55,
      56,
      57,
      58,
      59,
      60
    ],
    "task_id": [
      "arenahard_coding#117",
      "mmlupro#508",
      "mmlupro#2399",
      "gpqa#75",
      "gpqa#139",
      "aime#11",
      "mmlupro#2570",
      "simpleqa#573",
      "arenahard_math#302",
      "aime#33",
      "arenahard_coding#64",
      "arenahard_coding#21",
      "gpqa#143",
      "arenahard_math#278",
      "simpleqa#772",
      "mmlupro#1625",
      "simpleqa#3235",
      "aime#5",
      "simpleqa#396",
      "mmlupro#204",
      "gpqa#164",
      "arenahard_math#306",
      "arenahard_math#428",
      "mmlupro#372",
      "gpqa#12",
      "aime#49",
      "simpleqa#3426",
      "simpleqa#594",
      "gpqa#27",
      "arenahard_coding#150",
      "arenahard_coding#93",
      "gpqa#47",
      "arenahard_math#349",
      "simpleqa#308",
      "arenahard_coding#77",
      "aime#39",
      "aime#27",
      "aime#8",
      "arenahard_math#334",
      "aime#51",
      "arenahard_coding#63",
      "mmlupro#1739",
      "mmlupro#915",
      "mmlupro#2317",
      "arenahard_math#269",
      "arenahard_math#436",
      "arenahard_coding#47",
      "arenahard_coding#237",
      "mmlupro#243",
      "gpqa#35",
      "arenahard_math#381",
      "mmlupro#2388",
      "simpleqa#2653",
      "aime#59",
      "mmlupro#2584",
      "arenahard_math#363",
      "aime#19",
      "mmlupro#2258",
      "simpleqa#4157",
      "gpqa#175"
    ],
    "rolling_accuracy": [
      1.0,
      1.0,
      1.0,
      1.0,
      1.0,
      1.0,
      1.0,
      0.8571428571428571,
      0.8571428571428571,
      0.8571428571428571,
      0.7857142857142857,
      0.7857142857142857,
      0.6428571428571429,
      0.6428571428571429,
      0.7857142857142857,
      0.7857142857142857,
      0.6428571428571429,
      0.7142857142857143,
      0.5714285714285714,
      0.7142857142857143,
      0.7142857142857143,
      0.6428571428571429,
      0.6428571428571429,
      0.7857142857142857,
      0.7857142857142857,
      0.9285714285714286,
      0.9285714285714286,
      0.7857142857142857,
      0.8571428571428571,
      0.7142857142857143,
      0.6428571428571429,
      0.6428571428571429,
      0.6428571428571429,
      0.5,
      0.6428571428571429,
      0.5,
      0.5,
      0.5714285714285714,
      0.5714285714285714,
      0.5714285714285714,
      0.7142857142857143,
      0.7142857142857143,
      0.8571428571428571,
      0.8571428571428571,
      0.8571428571428571,
      0.7142857142857143,
      0.6428571428571429,
      0.6428571428571429,
      0.6428571428571429,
      0.6428571428571429,
      0.7142857142857143,
      0.7142857142857143,
      0.7142857142857143,
      0.7857142857142857,
      0.7857142857142857,
      0.6428571428571429,
      0.6428571428571429,
      0.7142857142857143,
      0.7142857142857143,
      0.7142857142857143
    ],